{ "icon-star": 60006, "icon-new": 60007, "icon-sale": 60008, "icon-discount-2": 60009, "icon-tag-loyalty": 60010, "icon-tag-sale": 60011, "icon-tag": 60012, "icon-percentage-39": 60013, "icon-percentage-38": 60014, "icon-present": 60015, "icon-box-3d-50": 60016, "icon-hut": 60017, "icon-farmer-market": 60018, "icon-fruit-picking": 60019, "icon-fruit-crate": 60020, "icon-toaster": 60021, "icon-romantic-restaurant": 60022, "icon-romantic-dinner": 60023, "icon-wedding-cake": 60024, "icon-toast": 60025, "icon-roast-turkey": 60026, "icon-pie": 60027, "icon-pumpkin": 60028, "icon-hazelnut": 60029, "icon-blender": 60030, "icon-drinking-bottle": 60031, "icon-diet-food": 60032, "icon-soft-drink": 60033, "icon-peas": 60034, "icon-boiling-water": 60035, "icon-grain": 60036, "icon-shell": 60037, "icon-name-card": 60038, "icon-butter": 60039, "icon-oil-2": 60040, "icon-takeaway": 60041, "icon-can": 60042, "icon-eggs": 60043, "icon-mortar": 60044, "icon-mayo": 60045, "icon-bakery": 60046, "icon-ketchup": 60047, "icon-pasta": 60048, "icon-organic-2": 60049, "icon-yogurt": 60050, "icon-timer": 60051, "icon-popcorn": 60052, "icon-tea-bag": 60053, "icon-soy-sauce": 60054, "icon-lollipop": 60055, "icon-soup": 60056, "icon-rice": 60057, "icon-pickle": 60058, "icon-bag-delivery": 60059, "icon-sugar": 60060, "icon-pepper": 60061, "icon-aubergine": 60062, "icon-onion": 60063, "icon-corn": 60064, "icon-potato": 60065, "icon-garlic": 60066, "icon-kiwi": 60067, "icon-blueberries": 60068, "icon-orange": 60069, "icon-pear": 60070, "icon-lemon": 60071, "icon-pineapple": 60072, "icon-smoothie": 60073, "icon-picnic-basket": 60074, "icon-peanut": 60075, "icon-choco-cream": 60076, "icon-churros": 60077, "icon-cupcake": 60078, "icon-jelly": 60079, "icon-ice-cream": 60080, "icon-honey": 60081, "icon-chocolate-mousse": 60082, "icon-waffle": 60083, "icon-crepe": 60084, "icon-crumpet": 60085, "icon-brioche": 60086, "icon-organic": 60087, "icon-glass-water": 60088, "icon-tomato": 60089, "icon-detox": 60090, "icon-snack": 60091, "icon-vegan": 60092, "icon-diet-plan": 60093, "icon-food-scale": 60094, "icon-juice": 60095, "icon-nutrition": 60096, "icon-energy": 60097, "icon-diet": 60098, "icon-recipe-create": 60099, "icon-recipe": 60100, "icon-salad": 60101, "icon-bill": 60102, "icon-drink-list": 60103, "icon-opening-times": 60104, "icon-roast-chicken": 60105, "icon-acorn": 60106, "icon-dish": 60107, "icon-wine-list": 60108, "icon-restaurant-menu": 60109, "icon-reservation": 60110, "icon-chef": 60111, "icon-terrace": 60112, "icon-cutlery": 60113, "icon-coffee-bean": 60114, "icon-avocado": 60115, "icon-pancake": 60116, "icon-steak-2": 60117, "icon-whisk": 60118, "icon-watermelon": 60119, "icon-vest-31": 60120, "icon-temperature-2": 60121, "icon-tea": 60122, "icon-tacos": 60123, "icon-sushi": 60124, "icon-food-supplement": 60125, "icon-strawberry": 60126, "icon-store": 60127, "icon-steak": 60128, "icon-shrimp": 60129, "icon-shop": 60130, "icon-sausage": 60131, "icon-shaker": 60132, "icon-scotch": 60133, "icon-scale-3": 60134, "icon-salt": 60135, "icon-rolling-pin": 60136, "icon-recipe-book-47": 60137, "icon-recipe-book-46": 60138, "icon-prosciutto": 60139, "icon-pot": 60140, "icon-plate": 60141, "icon-pizza": 60142, "icon-pizza-slice": 60143, "icon-hob": 60144, "icon-pan": 60145, "icon-oven": 60146, "icon-mug": 60147, "icon-muffin": 60148, "icon-moka": 60149, "icon-hand-mixer": 60150, "icon-milk": 60151, "icon-microwave": 60152, "icon-meat-spit": 60153, "icon-measuring-cup": 60154, "icon-matches": 60155, "icon-lobster": 60156, "icon-lighter": 60157, "icon-lemon-slice": 60158, "icon-knife": 60159, "icon-apron": 60160, "icon-kitchen-fan": 60161, "icon-kettle": 60162, "icon-jam": 60163, "icon-ice-cream-72": 60164, "icon-ice-cream-22": 60165, "icon-hot-dog": 60166, "icon-grape": 60167, "icon-glass": 60168, "icon-fridge": 60169, "icon-fishbone": 60170, "icon-fish": 60171, "icon-energy-drink": 60172, "icon-energy-shaker": 60173, "icon-egg": 60174, "icon-cocktail": 60175, "icon-donut": 60176, "icon-dishwasher": 60177, "icon-cutlery-77": 60178, "icon-cutlery-76": 60179, "icon-cutlery-75": 60180, "icon-croissant": 60181, "icon-crab": 60182, "icon-food-course": 60183, "icon-cookies": 60184, "icon-coffee": 60185, "icon-coffee-long": 60186, "icon-coffe-long": 60187, "icon-drink": 60188, "icon-cheese-87": 60189, "icon-chips": 60190, "icon-chocolate": 60191, "icon-noodles": 60192, "icon-chili": 60193, "icon-chicken": 60194, "icon-cherry": 60195, "icon-chef-hat": 60196, "icon-cheeseburger": 60197, "icon-cheese": 60198, "icon-champagne": 60199, "icon-carrot": 60200, "icon-candy": 60201, "icon-candle": 60202, "icon-cake": 60203, "icon-cake-slice": 60204, "icon-cake-2": 60205, "icon-cake-13": 60206, "icon-broccoli": 60207, "icon-bread": 60208, "icon-bowl": 60209, "icon-bottle": 60210, "icon-bottle-wine": 60211, "icon-beverage": 60212, "icon-beer-96": 60213, "icon-beer-95": 60214, "icon-barbecue": 60215, "icon-barbecue-tools": 60216, "icon-barbecue-15": 60217, "icon-banana": 60218, "icon-baguette": 60219, "icon-bacon": 60220, "icon-feeding-bottle": 60221, "icon-baby-bottle": 60222, "icon-pacifier": 60223, "icon-apple-2": 60224, "icon-alcohol": 60225, "icon-blog": 60226, "icon-pen-01": 60227, "icon-floppy-disk": 60228, "icon-down-arrow": 60229, "icon-c-add": 60230, "icon-e-remove-2": 60231, "icon-right-arrow": 60232, "icon-refresh": 60233, "icon-wrench": 60234, "icon-gear": 60235, "icon-check-in": 60236, "icon-shop-location": 60237, "icon-account": 60238, "icon-multiple-11": 60239, "icon-shop-1": 60240, "icon-discount-2-1": 60241, "icon-users-wm": 60242, "icon-salad-1": 60243, "icon-basket": 60244, "icon-unlocked": 60245, "icon-lock": 60246, "icon-increase": 60247, "icon-time-clock": 60248, "icon-print": 60249, "icon-zoom": 60250, "icon-e-remove-1": 60251, "icon-move-up": 60252, "icon-check": 60253, "icon-calendar-date-2": 60254, "icon-pin-angle-fill": 60255}